category	tokens	relpath
excel_json	543821	_excel/00_工商储-产品质量指标dashboard_260303.json
excel_json	259223	_excel/明美-远景工商业_372_液冷1P416S_出货报告.json
md	245037	ENS-L562-01_恩玖PCS_125kW新国标报告最终版_-对外完整版带水印.md
excel_json	216113	_excel/DFMEA-2024_12_03.json
md	150322	明美-远景工商业_372_液冷1P416S_出货报告.md
md	147619	00_工商储-产品质量指标dashboard_260303.md
excel_json	91292	_excel/DVP-xxxxxx_远景能源工商业储能一体机测试验证大纲_A.json
md	89540	远景262KWh户外柜测试报告20250312.md
md	88571	储能电池管理系统产品手册_V1_0_20250401.md
md	71695	远景262KWh户外柜测试报告20250124.md
excel_json	68605	_excel/远景215液冷1P240S出货报告-_-2EA_-_20250324_绿珈能创泸州君和彩金.json
md	65670	DFMEA-2024_12_03.md
excel_json	57958	_excel/EM-DBPED-Rec-0030_Pre-CRCCB评审模板_V8_0.json
md	54570	125kW新国标报告最终版_-对外简版带水印_1_---洛希-恩玖_pcs.md
md	53695	125kW新国标报告最终版_-对外简版带水印_5.md
excel_json	51695	_excel/冷通道检验规范.json
md	49267	TS-0006864远景风力发电机组通用防腐技术工艺规范V7_0.md
md	43950	最终签章版_明美.md
excel_json	43563	_excel/附件_1_EM-EHS-Rec-0168_EHS风险管理关键岗位EHS能力矩阵.json
md	41744	电芯-报告_鉴衡_2h_全版.md
md	40453	315电芯-GBT36276-2023报告_鉴衡_2h_全版.md
excel_json	40056	_excel/储能_EHS_压力耐力模型_20230505正式发布版.json
md	39437	GBT36276-2023_Test_report_interim_report.md
md	39170	TS-0022423_远景能源通用包装技术规范_General_Packaging_Technical_Specification_Rev_B.md
excel_json	38676	_excel/工商储的一级物料号管理表-BOM_L262_250416V5.json
md	38645	20240616_AESC_ESS_315_GBT36276-2023_Test_Report.md
excel_json	37583	_excel/工商储的一级物料号管理表-BOM_L262_250324V4.json
excel_json	37203	_excel/工商储的一级物料号管理表-BOM_L262_250324V3.json
excel_json	35473	_excel/EM-EHS-Rec-0196_远景储能产品本质安全风险_DFS_专项审核表_V1_0.json
md	35220	远景215液冷1P240S出货报告-_-2EA_-_20250324_绿珈能创泸州君和彩金.md
excel_json	34896	_excel/机柜通道外观件通用检验标准.json
md	33780	1P52S_PACK-报告-鉴衡.md
excel_json	31653	_excel/262kWh柜体检验标准.json
excel_json	31650	_excel/柜体检验标准.json
md	30583	ENS-L262用户手册_ODM2_0_V2.md
md	30294	DVP-xxxxxx_远景能源工商业储能一体机测试验证大纲_A.md
md	29927	ENS-L262用户手册_添加定期巡检内容_-0827.md
md	29581	ENS-L262用户手册_ODM2_0_V1.md
md	28910	ENS-L262用户手册.md
md	28061	ENS-L262用户手册_ODM2_0_V2-2026_2_26_修正B版.md
md	27656	户外柜-PFMEA.md
md	26619	远景_262KWh_工商柜装配说明.md
md	26166	远景-卓阳233样机采购合同_双方盖章版__合同_技术协议_质量协议.md
md	25477	README.md
md	23792	262户外柜原理图-主柜.md
md	23476	LXKJ2EAO02W__洛希--楚能314模块-新版委托_2025_01_06_1_-CORNEX_楚能314电芯-严禁外发客户.md
md	23275	LXKJ2EAO02W__洛希--314模块-新版委托_2025_01_06.md
excel_json	22641	_excel/机柜成品终检记录.json
md	22575	262户外柜原理图-从柜.md
md	21521	EM-DBPED-Rec-0030_Pre-CRCCB评审模板_V8_0.md
md	21422	TS-7001826_远景能源262kWh工商业储能柜一体机技术规范书_A_-洛希-12_31-洛希签字版本_IT22-250106-11.md
md	21390	TS-7001826_远景能源262kWh工商业储能柜一体机技术规范书_C_-洛希.md
md	21155	TS-7001826_远景能源262kWh工商业储能柜一体机技术规范书_终版1227_OK_IT22-250103-7.md
md	20527	冷通道检验规范.md
excel_json	20067	_excel/ENS-L262储能一体机投标参数汇总-上海申毅洛希能源科技有限公司.json
md	19885	TS-7001826_远景能源262kWh工商业储能柜一体机技术规范书_A_-洛希-12_28.md
excel_json	19484	_excel/工商业储能柜技术和商务响应_V2.json
md	19110	2025010041-2-ENS-L262-01-GBT2423_1电子电工产品环境试验-低温.md
md	18963	TS-0022509_远景能源通用包装技术规范_国内运输__A.md
md	18889	ENS-L262-01用户手册_-V1.md
md	18728	2025010041-1-ENS-L262-01-GBT2423_2电子电工产品环境试验-高温.md
excel_json	18623	_excel/包装确认单_Packaging_Approval_Form_PAF.json
excel_json	18577	_excel/工商业储能柜技术和商务响应_V1.json
md	17825	ENS-L314用户手册V2_0_-_Leon.md
md	17639	TS-7001726_远景能源工商业储能柜一体机技术规范书_V1_2评审版20241203.md
excel_json	17061	_excel/PCS机柜户外柜技术质量全属性清单.json
md	17050	工商储的一级物料号管理表-BOM_L262_250416V5.md
excel_json	16879	_excel/PCS柜体发货检验规范.json
md	16756	TS-0022512_Envision_Energy_General_Packaging_Specification_Local_Delivery__A.md
md	16709	TS-7001726_远景能源工商业储能柜一体机技术规范书_V1_0评审版20241129_-_Leon.md
md	16680	TS-0022423_远景能源通用包装技术规范_海外发运__A.md
md	16580	工商储的一级物料号管理表-BOM_L262_250324V4.md
md	16405	工商储的一级物料号管理表-BOM_L262_250324V3.md
md	16397	TS-7001726_远景能源工商业储能柜一体机技术规范书_V1_3评审版20241205.md
md	16083	液冷插箱1P52S314Ah-GB36276-2023-RT-SCUD-20241031_V2.md
md	15866	262kWh工商柜电气原理图.md
md	15577	_华致256液冷定稿_远景工商业储能技术规范-定稿0626.md
md	15523	EPD流程通用培训__V4.md
excel_json	14430	_excel/二级BMS架构-协能科技通用保护策略.json
md	14404	远景户外柜-CP洛希_连云港__扭力20250331.md
md	14338	远景动力储能专用电芯优势介绍-280_315.md
md	14316	振动试验_ZC85090425X019_QFZ.md
md	14307	零部件测试验证报告.md
md	13849	EM-BRPCS-Rec-0001_流程MPO工作手册-20240702-V1_0发布版.md
md	13781	13_附件十三_远景能源供应商行为准则-2023版.md
md	13663	基于EDV和ITR流程的产品开发安全风险管理标准_宣贯及赋能培训材料.md
md	13301	48_400_24_0422_01-00_03_REACH_SVHCs.md
md	13297	TS-0022423_Envision_Energy_General_Packaging_Technical_Specification_Oversea_Delivery__A.md
md	12890	议题1_XXX机型PDTR4A评审与决策_-_脱敏版范本.md
md	12831	EM-EHS-Rec-0196_远景储能产品本质安全风险_DFS_专项审核表_V1_0.md
md	12638	储能_EHS_压力耐力模型_20230505正式发布版.md
md	12441	远景_262KWh_更换作业指导书_连云港.md
md	12036	附件_1_EM-EHS-Rec-0168_EHS风险管理关键岗位EHS能力矩阵.md
md	11656	2025_产品采购主合同_通用版_-final.md
md	11012	EM-EHS-Rec-0046_远景能源外部供方健康_安全与环保协议-通用版_V2_0.md
md	10978	远景262KWh液冷户外柜BOM.md
md	10802	20240621_AESC_ESS_315_UL9540A.md
excel_json	10665	_excel/远景262KWh户外柜项目_站端EMS产品_生产计划0414.json
md	10661	3_2_ENS-L314技术协议-对外完整版v2.md
md	10546	2024产品采购主合同_技术保护版.md
md	10486	机柜通道外观件通用检验标准.md
md	10458	ENS-L314技术协议-对外完整版v3.md
md	10400	_Final_工商储315电池单体技术协议_ZN_AESC__ver_25ov_250827.md
md	10248	EM-EHS-Rec-0047_远景能源外部供方健康_安全与环保协议-建筑施工_V3_0.md
md	10238	262kWh户外柜-DFMEA.md
md	10224	ENS-L262储能一体机投标参数汇总-上海申毅洛希能源科技有限公司.md
md	9834	工商储315电池单体技术协议_ZN_AESC__ver_25ov_250805.md
md	9568	多合一火灾探测器检测报告.md
md	9453	262kWh柜体检验标准.md
md	9444	柜体检验标准.md
md	9339	检验报告.md
md	9066	3_1__标准版_ENS-L262-01技术协议-对外完整版.md
md	8907	5_附件五_质量保证协议-20250430.md
md	8880	3_1__标准版_ENS-L262-03技术协议-对外完整版.md
md	8876	48_400_24_0422_01-00_02_REACH_XVII.md
md	8870	3_1__高阶版_ENS-L262-01技术协议-对外完整版.md
md	8810	AESC_305pro_IEC62619_Test_report.md
md	8778	工商业储能柜技术和商务响应_V2.md
excel_json	8776	_excel/供应商初步交流表-部件类_Leon.json
md	8770	ENV-MAS-RBR-QAC-003_FAT_Report_Template_of_AC_Unit_for_Royle_Barn_Road_Rev__A.md
md	8729	3_1__高阶版_ENS-L262-03技术协议-对外完整版.md
md	8636	机柜成品终检记录.md
md	8467	FF_06_06_0060_262KWh工商柜.md
md	8315	20240517_AESC_ESS_315_IEC62619_Test_Report.md
md	8300	工商业储能柜技术和商务响应_V1.md
md	8297	培训-EDV流程通用培训__V3_1.md
md	8283	EDV流程通用培训__V3_0.md
md	8139	2_10_远景工商业储能一体柜ENS-L256技术协议-对外完整版.md
excel_json	8083	_excel/仿真报告-远景综能315_B档电芯曲线0_33C_2025-08-05.json
excel_json	8035	_excel/仿真报告-远景综能315_B档电芯曲线0_33C_20250905.json
md	7987	20250604_V1_0_AESC_530_电芯规格书.md
md	7923	03077洛希电池簇报告_签字盖章.md
md	7914	PCS机柜户外柜技术质量全属性清单.md
md	7858	EM-EHS-Rec-0050_远景能源外部供方健康_安全与环保协议-物流_V2_0.md
md	7770	5_附件五_质量保证协议-2024年4月版_-_国内.md
md	7701	抗震测试原始记录_481.md
excel_json	7629	_excel/远景能源标准唛头_物流标签_模板_Envision_standard_Mark__delivery_label__Format.json
excel_json	7402	_excel/商务及技术评分汇总_24_10_30.json
md	7155	DC24000506.md
excel_json	7044	_excel/仿真报告_to_综能315_20250818.json
md	7035	EM-QAD-F-0020_TR技术评审管理流程_V1_0_-_综能实例化V0.md
md	6912	二级BMS架构-协能科技通用保护策略.md
excel_json	6613	_excel/通用柜体检验指导书.json
md	6389	EM-QAD-F-0020_TR技术评审管理流程_V1_0.md
md	6316	原版EM-EHS-0060_基于EDV和ITR流程的产品开发安全风险管理标准_V1_2.md
md	6306	华致能源-保单文件_2024-2025.md
md	6266	检验记录-Pack.md
md	6076	PCS柜体发货检验规范.md
md	5895	包装确认单_Packaging_Approval_Form_PAF.md
md	5867	EM-EHS-Rec-0048_远景能源外部供方健康_安全与环保协议-测风塔_V2_0.md
excel_json	5651	_excel/调试问题top10.json
md	5133	ENS-L262洛希pre-PDTR6A评审与决策_-_Leon.md
md	5042	48_400_24_0422_01-00_04_RoHS.md
excel_json	4983	_excel/储能系统效率.json
excel_json	4977	_excel/包装运输及承重测试_Package_Transport_Bearing_Test.json
md	4958	远景小工商-315电芯技术协议-25新版-修订版.md
md	4920	02_01_02_0014_262KWh柜体组件.md
md	4752	PCS_应用能力说明V1_1.md
excel_json	4711	_excel/1_附件一_远景采购说明书模板_含工厂_V1_0.json
md	4663	FF_01_01_0013_1P52S插箱.md
md	4645	IEC62619_Test_Report-CN24DZ91_003_signed_extsigned.md
md	4474	储能系统方案_标准柜__ESCU.md
md	4427	远景小工商-315电芯技术协议-1205-纯净版.md
md	4423	远景小工商-315电芯技术协议-1205.md
md	4407	02_01_02_0012_1P52S冷板.md
md	4375	综能MPO--DPP填写要点说明.md
md	4279	250704-Envision-IES_ID_Spec.md
excel_json	4249	_excel/1_附件一_采购说明书2024版.json
md	4217	QTY-ES000174__远景能源标准集装箱式液冷储能直流产品工厂测试报告_B.md
md	4211	EM-QAD-F-0020_TR技术评审管理流程_V1_0_-_综能实例化V1.md
md	4160	03_01_09_0007_开关电源_AIF120-Bxx.md
md	4132	远景小工商-315电芯技术协议-1107.md
md	4127	280Ah315Ah-比较_-_Leon.md
md	4118	LX52S-V1_0-20250307.md
md	4110	交变湿热试验报告_482.md
md	4057	远景小工商-280电芯技术协议VF_-__Leon.md
md	3883	EM-PM_S_Dept_-F-0007_TR技术评审管理流程_V1_0.md
md	3851	20240520_AESC_ESS_315_Cell_MSDS.md
excel_json	3811	_excel/远景综能315-质保曲线需求_730660cycles__2025-04-15.json
md	3794	1_15_2_3_TR技术评审管理流程_2025-07-21_综合能源服务_IE.md
md	3719	2025010041-4-ENS-L262-01适配1P52S_Pack_T3振动测试.md
md	3678	ES125风冷液冷控制策略.md
excel_json	3589	_excel/仿真报告-远景综能315_B档电芯曲线_2025-02-20.json
md	3582	外部公开315Pack_2023新标准.md
md	3430	26年交付和售后规划V1_1.md
md	3425	质量赋能.md
excel_json	3383	_excel/TR技术评审管理流程-意见收集与评审.json
excel_json	3377	_excel/生产性零部件开发PPAP交付物说明.json
md	3364	江苏_河南南阳_运输-业绩证明.md
md	3306	全尺寸报告-柜体.md
md	3269	EM-Shared_Biddi-M-0001_远景能源综合标_技术分_管理规范__V2_2.md
md	3228	ENS-L314_液冷储能柜产品图纸V1_0-20241226.md
md	3216	调试问题top10.md
excel_json	3215	_excel/TR评审要素.json
excel_json	3183	_excel/产品出厂检验报告.json
md	3128	ODM2_0项目变更点.md
md	3093	3_附件三_关联公司-2024版.md
md	3080	综能产品售后服务体系策划V5.md
md	2901	通用柜体检验指导书.md
excel_json	2892	_excel/简捷EMS硬件对比.json
md	2881	_海运_1124000246-4远景动力技术_江苏_有限公司.md
md	2860	供应商初步交流表-部件类_Leon.md
excel_json	2800	_excel/远景能源标准箱单__Envision_standard_Packing_list.json
md	2762	_空运_远景动力_HC-L315A.md
md	2757	脱敏版TR评审材料.md
md	2668	DPX-C-02_06_01_0061_V02_1P52S箱体密封条.md
md	2646	远景262KWh户外柜项目_站端EMS产品_生产计划0414.md
md	2623	TR6A评审材料_V2.md
excel_json	2553	_excel/远景出货报告模板_-_V1_明美的副本.json
md	2527	预置式全氟己酮灭火装置YF4_YF6_YF8_YF10_2_5N-ZHTA.md
md	2503	02_01_13_0220_电气安装板.md
md	2488	48_400_24_0422_01-00_01_Battery_Regulation_HC-L315B.md
md	2465	远景并离网项目.md
md	2456	仿真报告-远景综能315_B档电芯曲线0_33C_20250905.md
md	2453	预制式全氟己酮YF4_2_5N-ZHTA.md
md	2448	TR6A评审材料_V1.md
md	2389	仿真报告_to_综能315_20250818.md
md	2383	AESC电芯质量保证协议_海外版.md
md	2379	2025010041-3-ENS-L262-01_IP等级防水测试-CNAS.md
md	2368	仿真报告-远景综能315_B档电芯曲线0_33C_2025-08-05.md
md	2357	远景能源标准唛头_物流标签_模板_Envision_standard_Mark__delivery_label__Format.md
md	2343	远景通讯拓扑图和接线图.md
md	2316	07_02_01_0_0267_1P26S模组A.md
excel_json	2302	_excel/物料分类及属性定义表单_储能交直流一体柜V2_0-1105.json
md	2272	AESC电芯质量保证协议.md
md	2268	02_03_01_0268_熔断器到模组负极铜排.md
md	2263	检测报告-ADSBD-500ML.md
md	2252	AESC电芯质量保证协议-250306.md
md	2239	280Ah_电芯质量保证协议_标准版.md
md	2209	02_03_01_0267_熔断器到面板负极铜排.md
md	2200	_陆运_1124000246-5远景动力技术_江苏_有限公司.md
md	2194	商务及技术评分汇总_24_10_30.md
md	2191	正华同安_探测器-规格书-2023_10.md
md	2156	_UN报告_1124000246-1远景动力技术_江苏_有限公司.md
md	2154	手动并离网操作-0314.md
md	2150	DPX-C-02_04_01_0181_V02_双排模组前端整体防护绝缘片.md
md	2131	手动并离网操作-0317.md
md	2119	手动并离网操作_V1.md
md	2102	02_03_01_0266_面板到模组正极铜排.md
excel_json	2093	_excel/远景出货报告模板_-_V1.json
md	2083	Test_report_key_pages-GB44240-2024.md
md	2067	02_01_13_0225_进线安装板.md
md	2045	02_01_01_0221_BMU吸塑盖板.md
md	2030	07_02_01_0_0268_1P26S模组B.md
excel_json	1989	_excel/首批洛希三台现场反馈.json
md	1984	DPX-C-02_01_01_0197_V03_BMU盖板衬板.md
md	1965	3_附件三_关联公司-2025版.md
md	1945	综能工商储海外单供偏差增补审批-Leon.md
md	1930	02_03_01_0278_进线铜排2.md
md	1902	02_01_12_0001_接插件压条板.md
md	1882	02_03_01_0277_进线铜排1.md
md	1865	外部公开315Pack_2018老标准.md
md	1855	02_01_03_0023_断路器安装支架.md
md	1846	EPD_二级流程和赛道裁剪逻辑.md
md	1844	100泄压口_规格书5_20.md
md	1835	02_01_13_0020_中航_6P_接插件安装板.md
md	1824	DPX-C-02_01_03_0170_V02_探测器固定架-ZHTA.md
md	1823	DPX-C-02_01_99_0066_V02_泄压阀压环.md
md	1810	零部件关键质量特性管控清单.md
md	1803	户外柜关键特殊特性清单_连云港.md
md	1792	DPX-C-02_06_01_0049_V02_1P52S-BMU钣金盖板密封条.md
md	1785	消防管道出货报告.md
md	1775	8_附件八_质量保证期内服务要求-2024版.md
md	1771	02_03_01_0029_进线转接铜排5.md
excel_json	1762	_excel/储能柜子零件设计寿命及质保期调研清单.json
md	1748	包装运输及承重测试_Package_Transport_Bearing_Test.md
md	1738	量道-PR-31QHSEPR-QC-03__液冷柜261KWh检验报告_A1.md
md	1724	DPX-C-02_01_09_0019_V02_52S双排端板.md
md	1723	备品备件管理.md
md	1721	02_02_99_0070_进线环氧挡板.md
md	1715	远景262KWh_户外柜_主柜_SOP_气密和液冷测试.md
md	1707	户外柜-过程流程图_连云港.md
md	1685	2025年综能BESS质量数据.md
md	1682	AESC_305pro_UL1973_Test_report_Hubei_compliance.md
md	1669	02_03_01_0026_进线转接铜排3.md
md	1662	02_03_01_0024_进线转接铜排2.md
excel_json	1645	_excel/Working_File.json
md	1639	02_03_01_0031_进线地排.md
md	1614	TR评审材料模板_20250420.md
md	1600	02_03_01_0027_进线转接铜排4.md
md	1575	02_01_12_0017_1P52S前端板平板压条.md
md	1560	02_03_01_0023_进线转接铜排1.md
md	1554	华致-出厂检验报告.md
md	1533	02_01_03_0025_挡板2固定支架.md
md	1514	DPX-C-02_02_99_0044_V02_防火泡棉.md
md	1502	02_01_03_0072_声光报警器安装底座.md
md	1493	01-PACK-ENS-1P52S-L-01-_十堰_-_GBT36276-2018_-CERT.md
excel_json	1486	_excel/ODM2_0_262户外柜改制-产品信息输入确认清单_-_Leon.json
md	1472	DPX-C-02_02_99_0043_V02_气凝胶垫.md
md	1470	储能系统效率.md
md	1455	洛希-ENS-L262储能一体机试装报告20250206.md
md	1454	02_01_12_0022_1P52S长边平板右压条.md
md	1453	消防逻辑流程图.md
md	1437	工商业储能柜标识规范V2.md
md	1433	02_01_03_0028_新BMU固定支架右.md
excel_json	1427	_excel/PPAP审核记录.json
md	1425	02_02_99_0069_高压亚克力观察板.md
md	1409	12_附件十二_供应链协同协议-最新版.md
md	1381	远景综能315-质保曲线需求_730660cycles__2025-04-15.md
md	1381	20240616_AESC_ESS_315_GBT36276-2023_Cetification.md
md	1380	02_01_12_0019_1P52S长边平板左压条.md
md	1378	EM-Shared_Biddi-Rec-0003单供偏差增补审批-模板V1_0.md
md	1375	02_07_99_0060.md
md	1374	02_04_01_0175_模组左右隔离板.md
md	1362	02_01_12_0018_1P52S后端板平板压条.md
md	1313	20240620_AESC_ESS_315_UL1973.md
md	1309	02_01_03_0027_新BMU固定支架左.md
md	1306	02_01_03_0080.md
md	1290	技术评分参考示例.md
md	1288	DPX-C-02_06_01_0064_V02_1P52S-BMU钣金盖板密封条2.md
md	1266	远景_262KWh_户外柜_首批出货问题点.md
md	1262	_危特_1124000246-3远景动力技术_江苏_有限公司.md
md	1258	02_08_99_0_0094_户外柜铭牌.md
md	1257	远景_262KWh_第二次评审问题记录清单_专家评审.md
md	1253	02_02_99_0074_进线环氧挡板2.md
md	1243	远景262KWh整柜包装方案20250218.md
md	1243	1_附件一_远景采购说明书模板_含工厂_V1_0.md
md	1225	DPX-C-02_02_02_0016_V02_1P52S标准吸塑上盖.md
md	1224	仿真报告-远景综能315_B档电芯曲线_2025-02-20.md
md	1214	TR技术评审管理流程-意见收集与评审.md
md	1192	液冷机组.md
md	1184	1_附件一_采购说明书2024版.md
md	1178	205-复合探测器出厂检验.md
md	1123	简捷EMS硬件对比.md
md	1116	10__附件十_知识产权保护特别要求-2025版.md
md	1112	02_07_99_0048_CR2030.md
md	1110	TR评审要素.md
md	1080	高压线PCS一体机.md
md	1056	EDV流程概览.md
md	1051	14_附件十四_知识产权保护特别要求-2022版.md
md	1045	2_附件二_订单样式.md
md	1033	生产性零部件开发PPAP交付物说明.md
md	1032	产品出厂检验报告.md
md	989	柜体出货报告.md
md	964	8ef34e18-2084-4c73-8aed-74f1dc781a36.md
md	945	DPX-C-0201030069_V02_BMU-64-安装支架右.md
md	909	首批洛希三台现场反馈.md
md	892	远景262柜安装单页-2026_2_27.md
md	887	ENS-L262-01工商储能柜结构仿真报告.md
md	884	液冷机策略.md
md	881	远景能源标准箱单__Envision_standard_Packing_list.md
md	866	4_附件四_通用包装要求-2024版.md
md	862	2D_-_73275_Cell_drawing_-_01_-20250724.md
md	860	02_07_02_0_011_262KWh柜体组件-Model.md
md	850	洛希工商业储能柜标识规范.md
md	848	电爆阀__全氟_小瓶组__2_5Mpa.md
md	843	CGC2025003016219-证书_远景-315Ah锂蓄电池.md
md	842	DPX-C-02_02_06_0031_V02_注塑件输出极底座.md
md	842	_UN概要_1124000246-2远景动力技术_江苏_有限公司.md
md	841	物料分类及属性定义表单_储能交直流一体柜V2_0-1105.md
md	833	DPX-C-02_03_01_0167_V02_模组跨接铜排.md
md	823	DPX-C-0201030068_V03_BMU-64-安装支架左.md
md	812	除湿机.md
md	790	竞品外观.md
md	787	262KWh工商柜_Model.md
md	774	243-9204_00-00000_05.md
md	774	15_附件十五__物流运输要求-2024版.md
md	774	9_附件九__物流运输要求-2024版.md
md	769	系统保护策略.md
md	754	复合型探测器防爆证.md
md	738	20240620_AESC_ESS_315_UL1642.md
md	735	原辅料属性添加记录清单_ENS-262-EA.md
md	728	远景能源ENS-L314工商业储能一体机用户手册.md
md	720	远景出货报告模板_-_V1_明美的副本.md
md	716	复合探测器3c.md
md	712	原辅料属性添加记录清单_EMS选项.md
md	698	防爆合格证.md
md	696	AESC_305pro_IEC62619_Certificate_Jiangsu_Hubei_ordos_US.md
md	674	6dcac384-bc33-45c9-ba05-30f72496c4a0.md
md	672	ODM2_0_262户外柜改制-产品信息输入确认清单_-_Leon.md
md	664	DPX-C-02_01_05_0003_V02_1P26S钢扎带.md
md	627	整改清单记录.md
md	623	DPX-C-02_01_03_0105_V02_线束固定架.md
md	618	f4ff723f-62ea-4e7c-9ed9-1f5f5b0c7de1.md
md	613	AESC_305pro_UL1973_Certificate.md
md	610	PPAP审核记录.md
md	606	通用场景.md
md	599	02-07-99-0062.md
md	594	Envision_AESC_315Ah_cell_RTE_and_SOH__10_years_prediction_value_2025_5.md
md	585	ENS-L262储能一体机一次电气图.md
md	573	DPX-C-02_06_01_0013_V02_接插件安装板密封条.md
md	560	Envision_AESC_315Ah_cell_RTE_and_SOH_prediction_value_2025_5.md
md	557	原辅料属性添加记录清单_ENS-262-EU.md
md	546	产品责任险.md
md	546	储能柜子零件设计寿命及质保期调研清单.md
md	543	火灾声光警报.md
md	542	合格证37-060059-01G.md
md	532	IEC62619_Certification-JPTUV-158992-A1_M1_extsigned.md
md	530	DPX-C-02_04_01_0015_V02_绝缘片.md
md	528	DPX-C-02_04_01_0014_V02_绝缘片.md
md	518	Working_File.md
md	503	18-OCV-SOC充_放电曲线.md
md	502	20240517_AESC_ESS_315_IEC62619_Certification.md
excel_json	502	_excel/2024年远景合同偏差表.json
md	501	ENS-L262储能一体机施工地基图20250217.md
md	501	07_08_电池充电特性曲线_电池放电特性曲线.md
md	497	06_01_03_0001_木栈板_护角.md
md	487	远景出货报告模板_-_V1.md
md	476	消防喷头出厂报告__PACK喷头.md
md	461	明美集采AESC电芯跟综能标准电芯的比较.md
md	447	DIRAK-209-0202_V0-00000_01.md
md	409	手动并离网操作-更改版2025_12_30.md
md	408	变频器空机柜验收清单.md
excel_json	406	_excel/华致消防相关逻辑材料.json
md	398	远景能源ENS-L262技术变更联络单_Rev_A_-_洛希.md
md	333	LX52S-零件性能测试报告-发泡胶阻燃测试.md
md	328	ODM2_0丝印要求.md
md	318	WeChatWorkScreenshot_ed10c807-43d1-45f3-853c-4cf9eaa54945.md
md	271	远景合格证_V1.md
md	241	分布式储能外观设计.md
md	220	2_6_机型外观渲染图素材_定稿__-_液冷0909.md
md	196	lQDPJxAumLU2XEPNBaDNB4CwEJ_Dg6fBkS4Hzef8KoJaAA_1920_1440.md
md	188	82190df0-0f8e-4fbd-bb18-57f4363d899a.md
md	187	ENS-L262渲染图_洛希和量道.md
md	184	华致消防相关逻辑材料.md
md	181	2024年远景合同偏差表.md
md	171	lQDPJxgi9GxtMcPNBaDNB4Cwund8bVkHGucHzefuRmpkAA_1920_1440.md
md	169	lQDPJwN1sh8ZWwPNBaDNB4CwEQKlLY-9pMUHzeflXn-nAA_1920_1440.md
md	167	lQDPJx-0LduFeMPNBaDNB4Cw5C4pNXYj3I4Hzef1MHtkAA_1920_1440.md
md	152	实例化修改内容.md
md	126	8_附件八_质保件清单.md
md	126	9_附件九_质保件清单.md
md	118	7_附件七_备品备件清单.md
md	87	262_电气_bom.md
md	77	d39f88f4-1855-4e9e-93a1-9543bd9fe7fc.md
md	74	c43cd9e6-b666-4910-80b3-b7a20d842c4e.md
md	57	2500609-Envision-IES_Niche_Studio.md
md	56	6_附件六_技术协议.md
md	54	2500609-Envision-IES_Niche_Studio_White.md
md	44	鉴定证书.md
md	21	IES_INDUSTRIAL_PARK_Framed_large.md
md	21	IES_INDUSTRIAL_PARK_Framed2.md